{"ProjectBreakpoints":"{\"Value\":{\"main.xaml\":[{\"ConditionalExpression\":null,\"ActionExpression\":null,\"ExpectedHitCounter\":null,\"ShouldContinueAfterAction\":false,\"IsTransient\":false,\"IsEnabled\":false,\"Id\":\"565214ab-7f03-4409-a504-270caae7167c\",\"ActivityIdRef\":\"GetRowItem_1\",\"ActivityId\":\"1.573\",\"ActivityName\":\"Get Row Price\"},{\"ConditionalExpression\":null,\"ActionExpression\":null,\"ExpectedHitCounter\":null,\"ShouldContinueAfterAction\":false,\"IsTransient\":false,\"IsEnabled\":true,\"Id\":\"105d38c5-e04e-4555-96d7-e9097a25d0e8\",\"ActivityIdRef\":\"Sequence_3\",\"ActivityId\":\"1.1\",\"ActivityName\":\"Main flow\"},{\"ConditionalExpression\":null,\"ActionExpression\":null,\"ExpectedHitCounter\":null,\"ShouldContinueAfterAction\":false,\"IsTransient\":false,\"IsEnabled\":true,\"Id\":\"7004e3d7-62f1-4d0f-9c84-0dd5e88e2414\",\"ActivityIdRef\":\"SortDataTable_1\",\"ActivityId\":\"1.146\",\"ActivityName\":\"Sort Data Table\"}]}}","OpenedDocuments":"[]","ProjectWatches":"{\"Value\":[]}"}